lemon;http://www.sxc.hu/photo/703187;note
strawberry;http://www.sxc.hu/photo/654742;Royalty free
orange;http://www.sxc.hu/photo/634240;Royalty free
ananas;http://www.sxc.hu/photo/654741;Royalty free
jutebag;http://www.sxc.hu/photo/699442;Royalty free
carton_open;http://www.sxc.hu/photo/502161;Royalty free
carton_closed;http://www.sxc.hu/photo/502457;Royalty free
speaker1;http://www.sxc.hu/photo/591632;Royalty free
pyramid;http://www.sxc.hu/photo/678508;Royalty free
patch;http://www.sxc.hu/photo/457643;Royalty free
frog;http://www.sxc.hu/photo/110549;note,credit
keys;http://www.sxc.hu/photo/337504;Royalty free
flower;http://www.sxc.hu/photo/14119;Royalty free
magnifier;http://www.sxc.hu/photo/333182;Royalty free
book;http://www.sxc.hu/photo/188292;Royalty free
bird;http://www.sxc.hu/photo/336565;note
speaker2;http://www.sxc.hu/photo/591633;Royalty free
brick;http://www.sxc.hu/photo/423745;Royalty free
glass;http://www.sxc.hu/photo/189893;Royalty free
citrus1;http://www.sxc.hu/photo/695367;Royalty free
citrus2;http://www.sxc.hu/photo/695367;Royalty free
citrus3;http://www.sxc.hu/photo/695367;Royalty free
citrus4;http://www.sxc.hu/photo/695367;Royalty free
citrus5;http://www.sxc.hu/photo/695367;Royalty free
citrus6;http://www.sxc.hu/photo/695367;Royalty free
citrus7;http://www.sxc.hu/photo/695365;Royalty free
kiwitron;http://www.sxc.hu/photo/703182;note
backlit_lime;http://www.sxc.hu/photo/693483;notice
windrose;http://www.sxc.hu/photo/490615;Royalty free
treasure_chest;http://www.sxc.hu/photo/584262;Royalty free
treasure_w_gold;http://www.sxc.hu/photo/178312;Royalty free
notes;http://www.sxc.hu/photo/701186;Royalty free
hand1;http://www.sxc.hu/photo/642233;Royalty free
sundial;http://www.sxc.hu/photo/673776;Royalty free
lazy_feet;http://www.sxc.hu/photo/605300;Royalty free
coffee3;http://www.sxc.hu/photo/593924;Royalty free
glass_jug;http://www.sxc.hu/photo/414075;Royalty free
can_opener;http://www.sxc.hu/photo/414068;Royalty free
coffee2;http://www.sxc.hu/photo/529359;Royalty free
yellow_coffee;http://www.sxc.hu/photo/529358;Royalty free
diamond_ring;http://www.sxc.hu/photo/695615;Royalty free
moth;http://www.sxc.hu/photo/568401;Royalty free
cdrom;http://www.sxc.hu/photo/658960;Royalty free
money;http://www.sxc.hu/photo/174866;Royalty free
cocos_decoration;http://www.sxc.hu/photo/609488;Royalty free
strawberrys;http://www.sxc.hu/photo/609482;Royalty free
envelopes;http://www.sxc.hu/photo/606299;Royalty free
elephant;http://www.sxc.hu/photo/624881;Royalty free
savings_bank;http://www.sxc.hu/photo/584264;Royalty free
box3;http://www.sxc.hu/photo/597308;notice
caliper;http://www.sxc.hu/photo/246239;Royalty free
apple;http://www.sxc.hu/photo/603489;Royalty free
treasure_chest2;http://www.sxc.hu/photo/375180;Royalty free
chest_open1;http://www.sxc.hu/photo/375178;Royalty free
chest;http://www.sxc.hu/photo/375176;Royalty free
frog1;http://www.sxc.hu/photo/450585;Royalty free
red_wine;http://www.sxc.hu/photo/628091;Royalty free
compass2;http://www.sxc.hu/photo/472129;Royalty free
fruit_splash;http://www.sxc.hu/photo/598038;Royalty free
boot;http://www.sxc.hu/photo/591563;Royalty free
wwii_spitfire;http://www.sxc.hu/photo/520632;Royalty free
pigeons;http://www.sxc.hu/photo/512642;Royalty free
compass;http://www.sxc.hu/photo/531973;Royalty free
cantaloupe;http://www.sxc.hu/photo/562491;Royalty free
water_melon2;http://www.sxc.hu/photo/581486;Royalty free
water_melon;http://www.sxc.hu/photo/261060;note,credit
tangerine;http://www.sxc.hu/photo/692309;Royalty free
christmas_globe;http://www.sxc.hu/photo/676165;Royalty free
christmas_lamp;http://www.sxc.hu/photo/676098;Royalty free
modern_age;http://www.sxc.hu/photo/662717;Royalty free
air_envelope1;http://www.sxc.hu/photo/653431;Royalty free
memories;http://www.sxc.hu/photo/656327;Royalty free
little_papers3;http://www.sxc.hu/photo/652877;Royalty free
star_flower1;http://www.sxc.hu/photo/663328;Royalty free
star_flower2;http://www.sxc.hu/photo/663329;Royalty free
feather;http://www.sxc.hu/photo/690554;Royalty free
pen12;http://www.sxc.hu/photo/665836;Royalty free
pen_and_postcard;http://www.sxc.hu/photo/614728;Royalty free
pen43;http://www.sxc.hu/photo/618247;Royalty free
usb_storage_chipset;http://www.sxc.hu/photo/557632;Royalty free
tool1;http://www.sxc.hu/photo/533237;Royalty free
dog1;http://www.sxc.hu/photo/703090;Royalty free
champagne;http://www.sxc.hu/photo/655554;Royalty free
pear1;http://www.sxc.hu/photo/642060;Royalty free
sign1;http://www.sxc.hu/photo/640049;Royalty free
seagull;http://www.sxc.hu/photo/632329;Royalty free
flower32;http://www.sxc.hu/photo/632271;Royalty free
sunflower1;http://www.sxc.hu/photo/558699;Royalty free
xmas_bell;http://www.sxc.hu/photo/604738;Royalty free
head_protection;http://www.sxc.hu/photo/600354;Royalty free
flower52;http://www.sxc.hu/photo/632269;Royalty free
cone;http://www.sxc.hu/photo/659634;Royalty free
record;http://www.sxc.hu/photo/695876;Royalty free
old_audio_media1;http://www.sxc.hu/photo/695875;Royalty free
paint_box;http://www.sxc.hu/photo/693779;Royalty free
globe;http://www.sxc.hu/photo/531174;Royalty free
vhs;http://www.sxc.hu/photo/706105;Royalty free
feather_with_shadow;http://www.sxc.hu/photo/658675;Royalty free
coffee_beans;http://www.sxc.hu/photo/871;Royalty free
matroyshka;http://www.sxc.hu/photo/33446;Royalty free
markers;http://www.sxc.hu/photo/18799;Royalty free
card_holder;http://www.sxc.hu/photo/443042;Royalty free
seashell;http://www.flickr.com/photos/klauspost/92783011/;CC Attribution 2.0
kiwi;http://www.flickr.com/photos/klauspost/92781923/in/set-72057594055927109/;CC Attribution 2.0
coffee32;http://www.flickr.com/photos/klauspost/92782922/in/set-72057594055927109/;CC Attribution 2.0
hair_brush;http://www.flickr.com/photos/klauspost/92782973/in/set-72057594055927109/;CC Attribution 2.0